{"cameraMode":{"drawMode":0,"name":"Shaded","section":"Shading Mode"},"sceneLighting":true,"audioPlay":false,"sceneViewState":{"m_AlwaysRefresh":false,"showFog":true,"showSkybox":true,"showFlares":true,"showImageEffects":true,"showParticleSystems":true,"showVisualEffectGraphs":true,"m_FxEnabled":true},"in2DMode":false,"pivot":{"x":0.15768486261367799,"y":-1.3578314781188965,"z":-0.5897736549377441},"rotation":{"x":0.2214612066745758,"y":0.24695853888988496,"z":-0.05808400362730026,"w":0.9415932297706604},"size":31.908294677734376,"orthographic":true}