{"cameraMode":{"drawMode":0,"name":"Shaded","section":"Shading Mode"},"sceneLighting":true,"audioPlay":false,"sceneViewState":{"m_AlwaysRefresh":false,"showFog":true,"showSkybox":true,"showFlares":true,"showImageEffects":true,"showParticleSystems":true,"showVisualEffectGraphs":true,"m_FxEnabled":true},"in2DMode":false,"pivot":{"x":-0.4161510467529297,"y":0.9282152056694031,"z":40.144283294677737},"rotation":{"x":0.004053469281643629,"y":0.9959370493888855,"z":0.0613274984061718,"w":-0.06582742929458618},"size":3.0408926010131838,"orthographic":false}